{
    "name": "wit_stock_name",
    "roles": [
        "wit_stock_name"
    ],
    "lookups": [
        "free-text",
        "keywords"
    ],
    "keywords": [
        {
            "keyword": "apple",
            "synonyms": [
                "apple"
            ]
        },
        {
            "keyword": "sony",
            "synonyms": [
                "sony"
            ]
        },
        {
            "keyword": "tesla",
            "synonyms": [
                "tesla"
            ]
        }
    ]
}
