{
    "utterances": [
        {
            "text": "get some snacks",
            "entities": [],
            "traits": []
        },
        {
            "text": "how is apple doing today ?",
            "entities": [
                {
                    "entity": "wit_stock_name:wit_stock_name",
                    "start": 7,
                    "end": 13,
                    "body": "apple ",
                    "entities": []
                }
            ],
            "traits": [],
            "intent": "get_stock"
        },
        {
            "text": "how is market doing",
            "entities": [],
            "traits": [],
            "intent": "get_news"
        },
        {
            "text": "show me stocks of sony",
            "entities": [
                {
                    "entity": "wit_stock_name:wit_stock_name",
                    "start": 18,
                    "end": 22,
                    "body": "sony",
                    "entities": []
                }
            ],
            "traits": [],
            "intent": "get_stock"
        },
        {
            "text": "show me stocks of tesla",
            "entities": [
                {
                    "entity": "wit_stock_name:wit_stock_name",
                    "start": 18,
                    "end": 23,
                    "body": "tesla",
                    "entities": []
                }
            ],
            "traits": [],
            "intent": "get_stock"
        },
        {
            "text": "tesla stock",
            "entities": [
                {
                    "entity": "wit_stock_name:wit_stock_name",
                    "start": 0,
                    "end": 5,
                    "body": "tesla",
                    "entities": []
                }
            ],
            "traits": [],
            "intent": "get_stock"
        },
        {
            "text": "what is the new on apple ?",
            "entities": [
                {
                    "entity": "wit_stock_name:wit_stock_name",
                    "start": 19,
                    "end": 24,
                    "body": "apple",
                    "entities": []
                }
            ],
            "traits": [],
            "intent": "get_stock_news"
        },
        {
            "text": "what is todays news",
            "entities": [],
            "traits": [],
            "intent": "get_news"
        }
    ]
}
